year,name,source_uuid,source_url,derived_from
2022,walk-supplies,ace05f11-0450-4bf7-a88a-6dff516e11fc,https://onuniverse-assets.imgix.net/ace05f11-0450-4bf7-a88a-6dff516e11fc,"On the last day of summer before kindergarten starts, Dylan "
2022,front-door-sendoff,52eebcb6-5d1f-4169-927e-a028e737306c,https://onuniverse-assets.imgix.net/52eebcb6-5d1f-4169-927e-a028e737306c,We packed some water and chips and we were on our way!
2022,blue-heron-mural,944dbe00-923e-4783-a5f5-78b67c272bc2,https://onuniverse-assets.imgix.net/944dbe00-923e-4783-a5f5-78b67c272bc2,We started our adventure at the Blue Heron Nature Preserve a
2022,preserve-entrance,0d0768a3-b708-45b8-a649-f30abbfaf062,https://onuniverse-assets.imgix.net/0d0768a3-b708-45b8-a649-f30abbfaf062,We started our adventure at the Blue Heron Nature Preserve a
2022,path-down-to-creek,5fedc5e2-c4fe-4316-add2-a65fa8d667f5,https://onuniverse-assets.imgix.net/5fedc5e2-c4fe-4316-add2-a65fa8d667f5,We started our adventure at the Blue Heron Nature Preserve a
2022,walked-cold-creek,fe67130f-baf7-41a8-ad76-cb77b2fa8a6e,https://onuniverse-assets.imgix.net/fe67130f-baf7-41a8-ad76-cb77b2fa8a6e,We walked into the cold creek and immediately got to skippin
2022,walked-cold-creek-2,0dd03857-5dc3-45e0-a219-2337d4a261a5,https://onuniverse-assets.imgix.net/0dd03857-5dc3-45e0-a219-2337d4a261a5,We walked into the cold creek and immediately got to skippin
2022,poking-cone,bd0c845a-cd16-4b4d-8178-358617800a65,https://onuniverse-assets.imgix.net/bd0c845a-cd16-4b4d-8178-358617800a65,We made friends with a lady sitting on an island reading a b
2022,creek-bend,3b655d5c-7931-40ae-8896-82b0990b3762,https://onuniverse-assets.imgix.net/3b655d5c-7931-40ae-8896-82b0990b3762,We made friends with a lady sitting on an island reading a b
2022,first-bridge-ahead,4555df6e-f496-4a8c-9a34-5f30216340c0,https://onuniverse-assets.imgix.net/4555df6e-f496-4a8c-9a34-5f30216340c0,"We hit our first road, with a nice high bridge! 1 down 2 to "
2022,wading-to-first-bridge,327411ef-d5d4-4181-9b4e-ad2fad9209aa,https://onuniverse-assets.imgix.net/327411ef-d5d4-4181-9b4e-ad2fad9209aa,"We hit our first road, with a nice high bridge! 1 down 2 to "
2022,under-first-bridge,76725a9d-ffef-4733-929a-ea7de0cc4799,https://onuniverse-assets.imgix.net/76725a9d-ffef-4733-929a-ea7de0cc4799,"We hit our first road, with a nice high bridge! 1 down 2 to "
2022,rocky-bank,95df0bc5-fc53-409a-8b7d-ddce46bf9eb1,https://onuniverse-assets.imgix.net/95df0bc5-fc53-409a-8b7d-ddce46bf9eb1,After leaving the nature preserve we found ourselves in the 
2022,neighborhood-house,1f14ff05-f140-44c9-939a-214e7c691583,https://onuniverse-assets.imgix.net/1f14ff05-f140-44c9-939a-214e7c691583,After leaving the nature preserve we found ourselves in the 
2022,creekside-woods,521aca70-29a8-43f9-a58b-fe6cd29dbbdc,https://onuniverse-assets.imgix.net/521aca70-29a8-43f9-a58b-fe6cd29dbbdc,After leaving the nature preserve we found ourselves in the 
2022,neighborhood-house-2,a4d7c4d3-1b57-4a75-8384-9ffdd1db45f4,https://onuniverse-assets.imgix.net/a4d7c4d3-1b57-4a75-8384-9ffdd1db45f4,After leaving the nature preserve we found ourselves in the 
2022,ferny-hillside,c4daedde-7b6e-4564-a5e3-221a9f88f927,https://onuniverse-assets.imgix.net/c4daedde-7b6e-4564-a5e3-221a9f88f927,After leaving the nature preserve we found ourselves in the 
2022,another-friend,ee79506e-73af-4089-b197-d72472095b78,https://onuniverse-assets.imgix.net/ee79506e-73af-4089-b197-d72472095b78,Made another friend
2022,fallen-tree-crossing,8e2fdca5-bd84-4b46-8966-2f1df0e24bfb,https://onuniverse-assets.imgix.net/8e2fdca5-bd84-4b46-8966-2f1df0e24bfb,Creek Adventures
2022,hold-hands-slippery-rocks,3348d8a6-3f0a-4ae3-aa8f-a1901b123c66,https://onuniverse-assets.imgix.net/3348d8a6-3f0a-4ae3-aa8f-a1901b123c66,Had to hold hands on slippery rocks and waded through the hi
2022,hold-hands-slippery-rocks-2,eaa0a008-d97c-4cd7-8771-35941a621117,https://onuniverse-assets.imgix.net/eaa0a008-d97c-4cd7-8771-35941a621117,Had to hold hands on slippery rocks and waded through the hi
2022,climbed-through-rapids,7381b661-e4bf-44d2-9cf0-b3364d86022a,https://onuniverse-assets.imgix.net/7381b661-e4bf-44d2-9cf0-b3364d86022a,Climbed through some rapids
2022,second-bridge-lot-clearance,79b9809a-5f13-49c6-b25e-db3ca89e42e3,https://onuniverse-assets.imgix.net/79b9809a-5f13-49c6-b25e-db3ca89e42e3,The second bridge has a lot of clearance too! But it was pro
2022,second-bridge-lot-clearance-2,f8573585-a788-4952-b055-2deebe5a0870,https://onuniverse-assets.imgix.net/f8573585-a788-4952-b055-2deebe5a0870,The second bridge has a lot of clearance too! But it was pro
2022,second-bridge-lot-clearance-3,f24d63a6-76c5-40c1-86b4-37c8bacb282c,https://onuniverse-assets.imgix.net/f24d63a6-76c5-40c1-86b4-37c8bacb282c,The second bridge has a lot of clearance too! But it was pro
2022,creek-green-tunnel,60b4776d-58c8-4f43-9cd1-4afbd9256698,https://onuniverse-assets.imgix.net/60b4776d-58c8-4f43-9cd1-4afbd9256698,The second bridge has a lot of clearance too! But it was pro
2022,bamboo-forest,9635a9ff-ed3f-4d7f-8405-dcf476ebed64,https://onuniverse-assets.imgix.net/9635a9ff-ed3f-4d7f-8405-dcf476ebed64,Bamboo forest!
2022,big-island,0da58774-56ea-420b-a27b-a0c34e868067,https://onuniverse-assets.imgix.net/0da58774-56ea-420b-a27b-a0c34e868067,Big island
2022,butterflies-having-lunch,c1d337b5-1d3e-4ab4-b959-ae18701571c9,https://onuniverse-assets.imgix.net/c1d337b5-1d3e-4ab4-b959-ae18701571c9,Butterflies having lunch
2022,hour-half-mark-found,c12d3a51-25d6-42ac-81a6-4eff2d949dfd,https://onuniverse-assets.imgix.net/c12d3a51-25d6-42ac-81a6-4eff2d949dfd,At the hour and a half mark we found the heron again. We che
2022,snack-on-log,f44355d0-6db5-464a-8a16-063a7aeb00d1,https://onuniverse-assets.imgix.net/f44355d0-6db5-464a-8a16-063a7aeb00d1,Yikes!
2022,snack-on-log-2,4e1e9178-b20c-4766-8530-0edf45265123,https://onuniverse-assets.imgix.net/4e1e9178-b20c-4766-8530-0edf45265123,Yikes!
2022,leaves-not-trash,3c7bbbf4-da90-449a-b3f8-1720376bd5fd,https://onuniverse-assets.imgix.net/3c7bbbf4-da90-449a-b3f8-1720376bd5fd,Our experience made the way back easier - we had mastered ou
2022,waterfall-detour,30dbec66-1cee-499e-a02b-034844ecc002,https://onuniverse-assets.imgix.net/30dbec66-1cee-499e-a02b-034844ecc002,We took a quick detour to see a waterfall
2022,different-view-bamboo-forest,703f8d6c-58dd-4a1f-9909-678568ec5702,https://onuniverse-assets.imgix.net/703f8d6c-58dd-4a1f-9909-678568ec5702,Different view of the bamboo forest
2022,different-view-neighborhood,faed16a7-b9be-4b68-b696-1e6622831268,https://onuniverse-assets.imgix.net/faed16a7-b9be-4b68-b696-1e6622831268,Different view of the neighborhood
2022,collecting-rocks,3b82c11e-db78-48fa-a642-28d221ba3258,https://onuniverse-assets.imgix.net/3b82c11e-db78-48fa-a642-28d221ba3258,Collecting rocks
2022,almost-back-nature-preserve,c0a0a684-677e-4f24-bb20-f106161e5322,https://onuniverse-assets.imgix.net/c0a0a684-677e-4f24-bb20-f106161e5322,Almost back to the nature preserve
2022,back-first-bridge,39cfbd5f-70c8-449f-bff9-8515cb84e921,https://onuniverse-assets.imgix.net/39cfbd5f-70c8-449f-bff9-8515cb84e921,Back to the first bridge
2022,found-stick-dylan-stuck,70e1936c-4eda-48ac-a6e4-046636c618aa,https://onuniverse-assets.imgix.net/70e1936c-4eda-48ac-a6e4-046636c618aa,We found the stick Dylan stuck in the creek at the very begi
2022,victory-total-walk-time,c81b8db2-40cd-42ed-a693-5e6b768b8971,https://onuniverse-assets.imgix.net/c81b8db2-40cd-42ed-a693-5e6b768b8971,Victory! - total walk time 3 hours
2022,back-preserve,76da00b3-dcd1-4080-bafc-d649ba89421f,https://onuniverse-assets.imgix.net/76da00b3-dcd1-4080-bafc-d649ba89421f,Back in the preserve
2022,home-time-dinner,90ad821f-fbc3-4a92-9ef8-e024260b0a05,https://onuniverse-assets.imgix.net/90ad821f-fbc3-4a92-9ef8-e024260b0a05,Home in time for dinner!
2022,dylan-editing-site,7b43c084-18cb-400e-80fb-c22c019412bf,https://onuniverse-assets.imgix.net/7b43c084-18cb-400e-80fb-c22c019412bf,This website was built using [Universe](http://onuniverse.co
2023,supplies-spread,68d02fd7-997e-4d4e-8865-12d862f44e98,https://onuniverse-assets.imgix.net/68d02fd7-997e-4d4e-8865-12d862f44e98,"Last year was so much fun we wanted to do it again, this yea"
2023,new-shoes,d57793aa-7c38-48e6-a455-470b3e794294,https://onuniverse-assets.imgix.net/d57793aa-7c38-48e6-a455-470b3e794294,Mama made croissant sandwiches (and also insisted we take wi
2023,backpack-light-enough-dylan,d1bf4d2b-c4a9-427a-a13b-52428124eac2,https://onuniverse-assets.imgix.net/d1bf4d2b-c4a9-427a-a13b-52428124eac2,The backpack is light enough (and Dylan is strong enough) th
2023,ready-to-go,f4487e22-5381-4105-8741-969b8485b8d8,https://onuniverse-assets.imgix.net/f4487e22-5381-4105-8741-969b8485b8d8,Ready to go!!!
2023,community-garden,c8e07d42-f245-4b53-9227-e1f44c2ae518,https://onuniverse-assets.imgix.net/c8e07d42-f245-4b53-9227-e1f44c2ae518,"The front entrance is under construction, so we parked in th"
2023,flooded-parking-lot,a28a0095-6b6d-495b-9058-5677614e91d4,https://onuniverse-assets.imgix.net/a28a0095-6b6d-495b-9058-5677614e91d4,"The front entrance is under construction, so we parked in th"
2023,path-steep-muddy-first,10db7963-7093-4aa6-9162-38f27a966c21,https://onuniverse-assets.imgix.net/10db7963-7093-4aa6-9162-38f27a966c21,"The path down is steep and muddy, our first team work balanc"
2023,water-higher-colder-normal,f823e509-d8a0-4269-9c7b-6d7dce79a7d9,https://onuniverse-assets.imgix.net/f823e509-d8a0-4269-9c7b-6d7dce79a7d9,"The water is higher and colder than normal, so high or start"
2023,found-cool-moth-parking,cb93735f-7835-4065-8812-d23683c836a6,https://onuniverse-assets.imgix.net/cb93735f-7835-4065-8812-d23683c836a6,"Also, found this cool moth in the parking lot…"
2023,see-bridge-roswell-road,e8c7a2a4-e27f-4413-8128-c76a6f58e90a,https://onuniverse-assets.imgix.net/e8c7a2a4-e27f-4413-8128-c76a6f58e90a,"We see the Bridge for Roswell road immediately, this might b"
2023,close-bridge,57738a3f-3bee-49cb-bee4-a9acdee059ea,https://onuniverse-assets.imgix.net/57738a3f-3bee-49cb-bee4-a9acdee059ea,Up close to the bridge
2023,tried-through-middle-way,c043bd90-6ba9-4a9a-a9fe-fbeee6ca5ce4,https://onuniverse-assets.imgix.net/c043bd90-6ba9-4a9a-a9fe-fbeee6ca5ce4,"We tried going through the middle but it was way too deep, w"
2023,middle-bridge-lots-smooth,dc6310b6-25e0-4424-804b-bd37971e55f5,https://onuniverse-assets.imgix.net/dc6310b6-25e0-4424-804b-bd37971e55f5,"Middle of the bridge has lots of smooth rocks, we had to tak"
2023,side-took-break-island,3b9c1e89-371e-4ad3-86ab-37915950ed57,https://onuniverse-assets.imgix.net/3b9c1e89-371e-4ad3-86ab-37915950ed57,"Got to the other side, and took a break on an island to clea"
2023,end-creek-tough-side,e58097ca-671a-46ed-b118-314ef0ab4e11,https://onuniverse-assets.imgix.net/e58097ca-671a-46ed-b118-314ef0ab4e11,"This end of the creek is tough than the other side, a lot of"
2023,end-creek-tough-side-2,738aefe0-560d-41c9-8fc6-4539b09c8b34,https://onuniverse-assets.imgix.net/738aefe0-560d-41c9-8fc6-4539b09c8b34,"This end of the creek is tough than the other side, a lot of"
2023,ended-sunny-clearing-rock,9dd928a6-3814-4c17-9ef8-ae8c4c0885b4,https://onuniverse-assets.imgix.net/9dd928a6-3814-4c17-9ef8-ae8c4c0885b4,"We ended up in a sunny clearing, with a rock island where we"
2023,dylan-scouting-try-find,d085f02a-13f0-49a2-a7d7-a8fd81c0f10a,https://onuniverse-assets.imgix.net/d085f02a-13f0-49a2-a7d7-a8fd81c0f10a,Dylan did scouting to try to find the best way around
2023,dylan-scouting-try-find-2,2f37ad05-de02-493d-aaab-3e8b94decabe,https://onuniverse-assets.imgix.net/2f37ad05-de02-493d-aaab-3e8b94decabe,Dylan did scouting to try to find the best way around
2023,found-easiest-path-trees,68a89bb7-4dfb-44ea-ac11-edbd1f6ab85c,https://onuniverse-assets.imgix.net/68a89bb7-4dfb-44ea-ac11-edbd1f6ab85c,We found the easiest path over the trees to shallow sand and
2023,creek-gazebo,5d8e5284-3116-4d53-91b1-aae0a6907a87,https://onuniverse-assets.imgix.net/5d8e5284-3116-4d53-91b1-aae0a6907a87,We found the easiest path over the trees to shallow sand and
2023,hillside-houses,666409cc-cb45-4f98-a296-e4de03a106a8,https://onuniverse-assets.imgix.net/666409cc-cb45-4f98-a296-e4de03a106a8,We found the easiest path over the trees to shallow sand and
2023,white-house-bank,f2acb585-68b3-4b51-be1a-3cd742bece0b,https://onuniverse-assets.imgix.net/f2acb585-68b3-4b51-be1a-3cd742bece0b,We found the easiest path over the trees to shallow sand and
2023,whole-creek-behind,551e2a2d-c51c-4ffd-96fb-4d4f26ebffe4,https://onuniverse-assets.imgix.net/551e2a2d-c51c-4ffd-96fb-4d4f26ebffe4,The whole creek behind the neighborhood was full of slippery
2023,whole-creek-behind-2,0b5b1375-1958-47b2-859e-e45c8dabc5cf,https://onuniverse-assets.imgix.net/0b5b1375-1958-47b2-859e-e45c8dabc5cf,The whole creek behind the neighborhood was full of slippery
2023,rocks-eventually-turned,98c8700d-ea3b-4f6a-a02e-5e4b0f3452a3,https://onuniverse-assets.imgix.net/98c8700d-ea3b-4f6a-a02e-5e4b0f3452a3,"As there were more and more rocks, eventually it turned to r"
2023,water-shallower-rocks,c6622eb0-3f95-4df8-9e83-e15267d20d1d,https://onuniverse-assets.imgix.net/c6622eb0-3f95-4df8-9e83-e15267d20d1d,"The water got shallower and the rocks got more slippery, it "
2023,hard-work-pay-worth,74710086-13ad-485b-ad37-e00792879e99,https://onuniverse-assets.imgix.net/74710086-13ad-485b-ad37-e00792879e99,"It was hard work, but the pay off was worth it, we made it t"
2023,hard-work-pay-worth-2,097d6a7a-4de2-4939-8c45-6cb2a11a6805,https://onuniverse-assets.imgix.net/097d6a7a-4de2-4939-8c45-6cb2a11a6805,"It was hard work, but the pay off was worth it, we made it t"
2023,route-map,9a4932db-9a95-47dc-88de-3612de7534f9,https://onuniverse-assets.imgix.net/9a4932db-9a95-47dc-88de-3612de7534f9,Dylan is growing up fast (turns 6 this month!) and is alread
2023,sitting-in-creek,8b3b70ca-9011-4302-9fdb-35a4b7cb2a77,https://onuniverse-assets.imgix.net/8b3b70ca-9011-4302-9fdb-35a4b7cb2a77,The nature preserve starting point on the right. The origina
2023,frog-walk,3bf04d5d-dea3-4703-978e-b96df645fb7d,https://onuniverse-assets.imgix.net/3bf04d5d-dea3-4703-978e-b96df645fb7d,"Dylan led the way on the way back through the rapids, so tha"
2023,dad-scraped-hand,f9e0c6a5-4c47-451a-a5e6-5ebc6b67ce3d,https://onuniverse-assets.imgix.net/f9e0c6a5-4c47-451a-a5e6-5ebc6b67ce3d,Just like last year we were able to move a lot faster on the
2023,dad-phone-overheated-best,f9f99a60-f710-4534-b0eb-4a4d2fe87772,https://onuniverse-assets.imgix.net/f9f99a60-f710-4534-b0eb-4a4d2fe87772,"Dad’s phone overheated, but it was best to focus through the"
2023,nice-eventually-hit-sandy,51284b31-88b2-4a52-83c8-35f6c6859417,https://onuniverse-assets.imgix.net/51284b31-88b2-4a52-83c8-35f6c6859417,"It was nice to eventually hit sandy patches again, so we cou"
2023,nice-eventually-hit-sandy-2,46e4faaf-e20e-47b4-bb55-cede154a552e,https://onuniverse-assets.imgix.net/46e4faaf-e20e-47b4-bb55-cede154a552e,"It was nice to eventually hit sandy patches again, so we cou"
2023,sandwich-break,f396a573-6753-4d7a-998e-76867acdb0e9,https://onuniverse-assets.imgix.net/f396a573-6753-4d7a-998e-76867acdb0e9,"In a comedy of errors, dad’s sunglasses fell off his head an"
2023,all-smiles-selfie,3d5c4668-a3d6-4f5f-a2e6-05a681d68594,https://onuniverse-assets.imgix.net/3d5c4668-a3d6-4f5f-a2e6-05a681d68594,"In a comedy of errors, dad’s sunglasses fell off his head an"
2023,nursery-greenhouses,6f0e4f4d-61d9-476a-ad3f-fa62b912567c,https://onuniverse-assets.imgix.net/6f0e4f4d-61d9-476a-ad3f-fa62b912567c,On the way back we noticed we passed the back greenhouses of
2023,muddy-path,d923b91e-4df3-43fa-a065-05ddf8f6b393,https://onuniverse-assets.imgix.net/d923b91e-4df3-43fa-a065-05ddf8f6b393,"After moving through rapids for so long, the trek back under"
2023,found-entrance-last-time,ead2459d-454e-4861-be69-ec100c9f1975,https://onuniverse-assets.imgix.net/ead2459d-454e-4861-be69-ec100c9f1975,Found our entrance from last time (wasn’t quite where we rem
2023,back-community-garden,048dbe4f-94c5-4fec-acb5-3523c3c56e40,https://onuniverse-assets.imgix.net/048dbe4f-94c5-4fec-acb5-3523c3c56e40,Made it back to the community garden
2023,adventure-complete,2a7534fe-202b-4620-abf1-2b25da0a95ac,https://onuniverse-assets.imgix.net/2a7534fe-202b-4620-abf1-2b25da0a95ac,Adventure complete!
2024,route-map,A3EA0C37-51EF-4FF6-B48E-6F5893C7D852,https://onuniverse-assets.imgix.net/A3EA0C37-51EF-4FF6-B48E-6F5893C7D852,"This year, we’re going to try the same goal as our first yea"
2024,packed-similar-last-year,2143A195-C3AA-4BBD-AC3E-4E3838506D73,https://onuniverse-assets.imgix.net/2143A195-C3AA-4BBD-AC3E-4E3838506D73,"We packed similar to last year, but with bigger water bottle"
2024,front-door-sendoff,69400639-AFEE-4FCB-8DD4-AB696F9C0EF4,https://onuniverse-assets.imgix.net/69400639-AFEE-4FCB-8DD4-AB696F9C0EF4,We set out in the morning this time to get going before it’s
2024,nice-morning-park,2BBD37E3-007F-4524-8ACF-098951F6D38C,https://onuniverse-assets.imgix.net/2BBD37E3-007F-4524-8ACF-098951F6D38C,Nice morning in the park!
2024,nice-morning-park-2,6A4D8892-84B6-4626-9CBB-95F4D8E3702D,https://onuniverse-assets.imgix.net/6A4D8892-84B6-4626-9CBB-95F4D8E3702D,Nice morning in the park!
2024,down-into-creek,FB7256C9-571D-4E48-B6F2-D0EE62D9A130,https://onuniverse-assets.imgix.net/FB7256C9-571D-4E48-B6F2-D0EE62D9A130,And down into the creek
2024,first-obstacle-big-pipe,19DF3E1E-5FD8-4F29-B544-9F334F1E8CFC,https://onuniverse-assets.imgix.net/19DF3E1E-5FD8-4F29-B544-9F334F1E8CFC,Our first obstacle is a big pipe
2024,left-side-looks-shallow,A8344209-D107-4E39-B1FE-D0720FDC8F5C,https://onuniverse-assets.imgix.net/A8344209-D107-4E39-B1FE-D0720FDC8F5C,"The left side looks more shallow, but there is some gross lo"
2024,cleaning-sandals,F2B8931F-9237-4650-B2C2-8B4EDA67F4A8,https://onuniverse-assets.imgix.net/F2B8931F-9237-4650-B2C2-8B4EDA67F4A8,"No thanks.

We went to the other side where it was deeper. D"
2024,morning-sun-looking-nice,C4B8A451-DE75-48F0-8EDA-688D76DEDB20,https://onuniverse-assets.imgix.net/C4B8A451-DE75-48F0-8EDA-688D76DEDB20,Morning sun looking nice this time
2024,morning-sun-looking-nice-2,B5D0DE2C-0CFA-4655-8083-8DA186B9D7DB,https://onuniverse-assets.imgix.net/B5D0DE2C-0CFA-4655-8083-8DA186B9D7DB,Morning sun looking nice this time
2024,halfway-highway-bridge-hit,FAAED836-1D07-441D-893E-B3AFF5F26ABD,https://onuniverse-assets.imgix.net/FAAED836-1D07-441D-893E-B3AFF5F26ABD,About halfway to the highway bridge we hit a neighborhood
2024,hit-patch-deeper-water,7540414A-EB4F-47EE-9325-197EB0171289,https://onuniverse-assets.imgix.net/7540414A-EB4F-47EE-9325-197EB0171289,Hit a patch of deeper water. Dad scouts it out first to find
2024,pay-worth-nice-break,2AD3EB40-53A8-4483-942F-6AA1B89295B0,https://onuniverse-assets.imgix.net/2AD3EB40-53A8-4483-942F-6AA1B89295B0,The pay off is worth it! Nice break point with a log seat
2024,stretch-needs-hands-work,ECA09B8A-1E46-49AA-9AEE-E99B0C073B54,https://onuniverse-assets.imgix.net/ECA09B8A-1E46-49AA-9AEE-E99B0C073B54,Had a stretch of “needs both hands” where we had to work tog
2024,stretch-needs-hands-work-2,E577E41D-4853-413B-AEAE-ECA43556835E,https://onuniverse-assets.imgix.net/E577E41D-4853-413B-AEAE-ECA43556835E,Had a stretch of “needs both hands” where we had to work tog
2024,stopped-skip-rocks,B99A5959-9DAB-4295-8C18-28AB74469286,https://onuniverse-assets.imgix.net/B99A5959-9DAB-4295-8C18-28AB74469286,Stopped to skip rocks
2024,back-shallow-sandy-easy,865EB991-C1AE-4026-8096-E7223D1B2D57,https://onuniverse-assets.imgix.net/865EB991-C1AE-4026-8096-E7223D1B2D57,Back to shallow sandy easy moving!
2024,looks-like-dog-playing,F219832D-C1A8-4541-85EC-51A06680A2D3,https://onuniverse-assets.imgix.net/F219832D-C1A8-4541-85EC-51A06680A2D3,"Looks like a dog was playing here earlier, probably from one"
2024,looks-like-dog-playing-2,93CC5D19-4703-47BD-965D-1E28CEE711F8,https://onuniverse-assets.imgix.net/93CC5D19-4703-47BD-965D-1E28CEE711F8,"Looks like a dog was playing here earlier, probably from one"
2024,hit-patch-creek-seemed,074FF764-7641-48D4-93EC-E5F684226038,https://onuniverse-assets.imgix.net/074FF764-7641-48D4-93EC-E5F684226038,Hit a patch of creek that seemed to get deep and was very sh
2024,turnaround-map,934A1299-E713-4E73-86FD-C16DB69358E4,https://onuniverse-assets.imgix.net/934A1299-E713-4E73-86FD-C16DB69358E4,Hit a patch of creek that seemed to get deep and was very sh
2024,dylan-planted-tree-branch,31AE44D1-F475-4480-96BA-9CB5507C7CFA,https://onuniverse-assets.imgix.net/31AE44D1-F475-4480-96BA-9CB5507C7CFA,Dylan “planted” a tree branch to mark our spot
2024,little-celebratory-rock,C5850EFF-17B4-478F-A867-4F73A3DEB7D7,https://onuniverse-assets.imgix.net/C5850EFF-17B4-478F-A867-4F73A3DEB7D7,Did a little celebratory rock throwing
2024,little-celebratory-rock-2,C3309274-48BC-48CD-9630-C19723748C53,https://onuniverse-assets.imgix.net/C3309274-48BC-48CD-9630-C19723748C53,Did a little celebratory rock throwing
2024,found-fish,2703F2C4-A832-4DE9-8310-5D5F779BC276,https://onuniverse-assets.imgix.net/2703F2C4-A832-4DE9-8310-5D5F779BC276,Found some fish!
2024,dad-held-branch-easier,FDA110C5-37D3-4429-A341-D8CCE102F5B2,https://onuniverse-assets.imgix.net/FDA110C5-37D3-4429-A341-D8CCE102F5B2,"Dad held up a branch to make it easier for Dylan to get by, "
2024,back-log-break-island,95689A3A-7060-4305-A794-BE78B551B96A,https://onuniverse-assets.imgix.net/95689A3A-7060-4305-A794-BE78B551B96A,Once we made it back to our log break island we stopped and 
2024,before-cleaned-hands-mama,8B7A47C1-F70E-4F27-88F5-02D62C624D33,https://onuniverse-assets.imgix.net/8B7A47C1-F70E-4F27-88F5-02D62C624D33,(But not before we cleaned our hands with Mama’s wipes)
2024,back-first-obstacle-pipe,4F804D87-C344-4216-9842-FD856338197B,https://onuniverse-assets.imgix.net/4F804D87-C344-4216-9842-FD856338197B,"Then we made it back to our first obstacle, the pipe. From t"
2024,back-park,F710276E-7A99-4E1E-9199-CBDE8154B17E,https://onuniverse-assets.imgix.net/F710276E-7A99-4E1E-9199-CBDE8154B17E,And then we were back to the park!
2024,scope-next-time-direction,E149AFFC-DFC3-4914-8716-073D41C67595,https://onuniverse-assets.imgix.net/E149AFFC-DFC3-4914-8716-073D41C67595,"We went to scope out where we would go next time, the other "
2024,red-pedestrian-bridge-right,AF900CC0-3956-445B-BC74-9AE91C4C02CB,https://onuniverse-assets.imgix.net/AF900CC0-3956-445B-BC74-9AE91C4C02CB,There is a red pedestrian bridge right before a bridge for t
2024,looks-like-next-bridge,227B1E18-7DAB-4FB3-BBBF-B9C1C95C928A,https://onuniverse-assets.imgix.net/227B1E18-7DAB-4FB3-BBBF-B9C1C95C928A,"Looks like this next bridge is the easiest one yet, just a f"
2024,pretty-easy-after-through,D2A5BCAC-105D-450B-9EE9-3B4CA3F729D9,https://onuniverse-assets.imgix.net/D2A5BCAC-105D-450B-9EE9-3B4CA3F729D9,Pretty easy going after getting through it too
2024,walking-bridge,E78F9291-9F63-4F7D-AC64-0D618351DCC9,https://onuniverse-assets.imgix.net/E78F9291-9F63-4F7D-AC64-0D618351DCC9,A dad and his son who had been throwing a baseball in the pa
2025,starting-windsor-meadows,DBDC94E2-ED2D-4274-B9A3-FAD4868AADDB,https://onuniverse-assets.imgix.net/DBDC94E2-ED2D-4274-B9A3-FAD4868AADDB,"We are starting at Windsor Meadows Park again, but this time"
2025,supplies-spread,CAC714ED-61F7-4745-BA31-DDB02D55A5B6,https://onuniverse-assets.imgix.net/CAC714ED-61F7-4745-BA31-DDB02D55A5B6,"We’re also hoping to keep it a bit shorter, and because of t"
2025,front-door-sendoff,CD2FBE8B-DEB8-4AD3-9D33-E3DA9BFB2558,https://onuniverse-assets.imgix.net/CD2FBE8B-DEB8-4AD3-9D33-E3DA9BFB2558,Mama loaded us up with snacks and supplies and we were ready
video,blue-heron,198602,https://stream.mux.com/T24p39FXl8rr2MGl2SyV28OuUU3rKxAX/high.mp4,
video,blue-heron-again,198612,https://stream.mux.com/euyQRbpFpE3TQwDnQep74pLi7EJqhkEf/high.mp4,
video,rapids-climbing,251363,https://stream.mux.com/9z1mVhcHbiu36o2tlX4JM5O3giR1ecPn/high.mp4,
video,fish,291180,https://stream.mux.com/sZYf385BUaymPfmE00VNqHqxdGglmSY029/high.mp4,
video,butterfly-ferns,291182,https://stream.mux.com/3KF0156pbwzuSjY5g502oTrpdfLuTgzfW7/high.mp4,
site,background,dd218d29-a4d5-4aba-a0b7-8e56e407d89b,https://onuniverse-assets.imgix.net/dd218d29-a4d5-4aba-a0b7-8e56e407d89b,page background
